ride_id,rideable_type,member_casual,started_at,ended_at,s_lat,s_lng,e_lat,e_lng,travel_dist_m,trip_duration_min,travel_speed_kmph,month,day_of_week,hour_bucket
6A9D809ABDF70617,Electric Bike,Annual Member,2024-01-01 00:00:39 UTC,2024-01-01 00:07:56 UTC,41.95,-87.65,41.9295,-87.6431,2350,7.28,19.4,January,Monday,00:00 - 01:59
0D9E85F804C85828,Electric Bike,Annual Member,2024-01-01 00:00:53 UTC,2024-01-01 00:22:30 UTC,41.8819,-87.6413,41.89,-87.62,1980,21.62,5.5,January,Monday,00:00 - 01:59
56F5C3ED5178C131,Classic Bike,Annual Member,2024-01-01 00:01:01 UTC,2024-01-01 00:24:12 UTC,41.8908,-87.6317,41.8679,-87.623,2646,23.18,6.8,January,Monday,00:00 - 01:59
A2DA242FA988F2C6,Electric Bike,Annual Member,2024-01-01 00:01:30 UTC,2024-01-01 00:25:49 UTC,41.87,-87.62,41.9,-87.64,3724,24.32,9.2,January,Monday,00:00 - 01:59
70BDF49A30C8BFFC,Classic Bike,Casual Rider,2024-01-01 00:02:15 UTC,2024-01-01 00:07:01 UTC,41.9256,-87.6537,41.9253,-87.6658,1002,4.77,12.6,January,Monday,00:00 - 01:59
BE6196C09FA4685D,Electric Bike,Casual Rider,2024-01-01 00:06:46 UTC,2024-01-01 00:12:26 UTC,41.9688,-87.6575,41.97,-87.67,1042,5.67,11,January,Monday,00:00 - 01:59
B7F1F63BD1AFF4E9,Classic Bike,Annual Member,2024-01-01 00:06:59 UTC,2024-01-01 00:17:21 UTC,42.0189,-87.69,42.009,-87.6741,1714,10.37,9.9,January,Monday,00:00 - 01:59
444DD0D82A50BA8C,Classic Bike,Casual Rider,2024-01-01 00:07:45 UTC,2024-01-01 00:15:41 UTC,41.9117,-87.6268,41.9222,-87.6389,1538,7.93,11.6,January,Monday,00:00 - 01:59
510C1C0AA564ADF0,Classic Bike,Casual Rider,2024-01-01 00:07:57 UTC,2024-01-01 00:29:42 UTC,41.8759,-87.6408,41.8908,-87.6317,1820,21.75,5,January,Monday,00:00 - 01:59
EC853871645F0763,Electric Bike,Annual Member,2024-01-01 00:08:11 UTC,2024-01-01 00:12:38 UTC,41.8901,-87.6342,41.8999,-87.6344,1090,4.45,14.7,January,Monday,00:00 - 01:59
09DF0C5B0C0059B1,Classic Bike,Annual Member,2024-01-01 00:08:33 UTC,2024-01-01 00:14:24 UTC,41.8899,-87.6343,41.8999,-87.6344,1112,5.85,11.4,January,Monday,00:00 - 01:59
4AFA64162D867835,Electric Bike,Annual Member,2024-01-01 00:09:07 UTC,2024-01-01 00:14:37 UTC,41.8899,-87.6341,41.9032,-87.6343,1479,5.5,16.1,January,Monday,00:00 - 01:59
5854ED82F4BEEEFB,Electric Bike,Annual Member,2024-01-01 00:09:07 UTC,2024-01-01 00:14:16 UTC,41.8899,-87.6342,41.8999,-87.6344,1112,5.15,13,January,Monday,00:00 - 01:59
A7CEE694CC9FEEBA,Classic Bike,Annual Member,2024-01-01 00:10:21 UTC,2024-01-01 00:22:07 UTC,41.8842,-87.6296,41.8776,-87.6496,1811,11.77,9.2,January,Monday,00:00 - 01:59
B630AC7A05A70037,Classic Bike,Annual Member,2024-01-01 00:11:28 UTC,2024-01-01 00:26:22 UTC,41.903,-87.6313,41.8781,-87.6439,2959,14.9,11.9,January,Monday,00:00 - 01:59
5BAAFDE84176D405,Electric Bike,Casual Rider,2024-01-01 00:11:59 UTC,2024-01-01 00:17:27 UTC,41.9187,-87.6973,41.9126,-87.6814,1480,5.47,16.2,January,Monday,00:00 - 01:59
25D4266142A8EF57,Electric Bike,Casual Rider,2024-01-01 00:12:17 UTC,2024-01-01 00:22:13 UTC,41.9942,-87.6894,42.01,-87.67,2378,9.93,14.4,January,Monday,00:00 - 01:59
A56F29C2DEF734DC,Classic Bike,Annual Member,2024-01-01 00:12:24 UTC,2024-01-01 00:30:15 UTC,41.9733,-87.6679,41.9992,-87.6712,2893,17.85,9.7,January,Monday,00:00 - 01:59
B60706A97A1BDDD7,Electric Bike,Casual Rider,2024-01-01 00:12:42 UTC,2024-01-01 00:18:29 UTC,41.88,-87.65,41.869,-87.6591,1437,5.78,14.9,January,Monday,00:00 - 01:59
290C5199E316C31A,Electric Bike,Casual Rider,2024-01-01 00:13:29 UTC,2024-01-01 00:34:37 UTC,41.9216,-87.7073,41.9402,-87.6529,4953,21.13,14.1,January,Monday,00:00 - 01:59
6D47541B50B0FC2E,Electric Bike,Casual Rider,2024-01-01 00:14:35 UTC,2024-01-01 00:19:57 UTC,41.9215,-87.7074,41.9296,-87.7079,902,5.37,10.1,January,Monday,00:00 - 01:59
E0162C5F89BD2EFA,Electric Bike,Annual Member,2024-01-01 00:15:00 UTC,2024-01-01 00:17:26 UTC,41.9033,-87.6785,41.8958,-87.6772,841,2.43,20.8,January,Monday,00:00 - 01:59
13C411ACFF9A79DA,Electric Bike,Casual Rider,2024-01-01 00:17:27 UTC,2024-01-01 00:23:12 UTC,41.93,-87.71,41.92,-87.72,1386,5.75,14.5,January,Monday,00:00 - 01:59
53A2188AA553A0C4,Electric Bike,Annual Member,2024-01-01 00:17:38 UTC,2024-01-01 00:29:36 UTC,41.9247,-87.7006,41.91,-87.68,2362,11.97,11.8,January,Monday,00:00 - 01:59
2B78D30128684E5E,Electric Bike,Casual Rider,2024-01-01 00:18:24 UTC,2024-01-01 00:28:47 UTC,41.9297,-87.7081,41.9227,-87.6972,1191,10.38,6.9,January,Monday,00:00 - 01:59
CBF30B765F761BEC,Electric Bike,Annual Member,2024-01-01 00:19:33 UTC,2024-01-01 00:29:03 UTC,41.89,-87.61,41.8977,-87.6235,1408,9.5,8.9,January,Monday,00:00 - 01:59
51FEF786CA401992,Electric Bike,Casual Rider,2024-01-01 00:20:04 UTC,2024-01-01 00:28:03 UTC,41.9321,-87.6589,41.94,-87.65,1146,7.98,8.6,January,Monday,00:00 - 01:59
25DF9B7EDD76AC0C,Electric Bike,Casual Rider,2024-01-01 00:20:07 UTC,2024-01-01 00:29:57 UTC,41.8813,-87.6241,41.8679,-87.623,1493,9.83,9.1,January,Monday,00:00 - 01:59
AF33A97A2BE2ED07,Electric Bike,Annual Member,2024-01-01 00:20:08 UTC,2024-01-01 00:30:11 UTC,41.9095,-87.6482,41.89,-87.63,2640,10.05,15.8,January,Monday,00:00 - 01:59
4884C316E9E0DE61,Electric Bike,Casual Rider,2024-01-01 00:20:13 UTC,2024-01-01 00:30:08 UTC,41.8813,-87.6241,41.8679,-87.623,1493,9.92,9,January,Monday,00:00 - 01:59
5E63285ED6D96DDF,Classic Bike,Annual Member,2024-01-01 00:20:28 UTC,2024-01-01 00:27:49 UTC,41.9437,-87.6489,41.9579,-87.6495,1580,7.35,12.9,January,Monday,00:00 - 01:59
6101BDB15B91C576,Electric Bike,Casual Rider,2024-01-01 00:20:34 UTC,2024-01-01 00:29:33 UTC,41.8811,-87.6241,41.8679,-87.623,1471,8.98,9.8,January,Monday,00:00 - 01:59
76765953644EAE46,Electric Bike,Casual Rider,2024-01-01 00:20:39 UTC,2024-01-01 00:30:26 UTC,41.8813,-87.6241,41.8679,-87.623,1493,9.78,9.2,January,Monday,00:00 - 01:59
8469D0F28BBE811B,Electric Bike,Annual Member,2024-01-01 00:20:53 UTC,2024-01-01 00:31:05 UTC,41.9313,-87.6443,41.9164,-87.6667,2486,10.2,14.6,January,Monday,00:00 - 01:59
2DD506CA9847EA2F,Electric Bike,Annual Member,2024-01-01 00:21:50 UTC,2024-01-01 00:25:31 UTC,41.9836,-87.6692,41.99,-87.67,715,3.68,11.7,January,Monday,00:00 - 01:59
F47C83DCCC9C1526,Electric Bike,Annual Member,2024-01-01 00:21:50 UTC,2024-01-01 00:35:00 UTC,41.8956,-87.6772,41.9394,-87.6833,4896,13.17,22.3,January,Monday,00:00 - 01:59
FF3261161BA70E87,Electric Bike,Annual Member,2024-01-01 00:21:53 UTC,2024-01-01 00:34:34 UTC,41.89,-87.6366,41.8777,-87.6548,2035,12.68,9.6,January,Monday,00:00 - 01:59
21D9A7E30B63CF71,Electric Bike,Annual Member,2024-01-01 00:21:56 UTC,2024-01-01 00:34:46 UTC,41.89,-87.6366,41.8777,-87.6548,2035,12.83,9.5,January,Monday,00:00 - 01:59
08154E018B6E6192,Electric Bike,Annual Member,2024-01-01 00:22:09 UTC,2024-01-01 00:31:18 UTC,41.92,-87.65,41.94,-87.64,2373,9.15,15.6,January,Monday,00:00 - 01:59
EF18B529478763C0,Classic Bike,Annual Member,2024-01-01 00:22:22 UTC,2024-01-01 00:28:47 UTC,41.9076,-87.6386,41.9183,-87.6363,1205,6.42,11.3,January,Monday,00:00 - 01:59
8EAB95E53850BCD8,Electric Bike,Annual Member,2024-01-01 00:22:37 UTC,2024-01-01 00:25:25 UTC,41.8368,-87.6134,41.8421,-87.617,660,2.8,14.1,January,Monday,00:00 - 01:59
5597A4098CD5EF57,Classic Bike,Casual Rider,2024-01-01 00:22:42 UTC,2024-01-01 00:30:41 UTC,41.9494,-87.6545,41.9507,-87.6687,1183,7.98,8.9,January,Monday,00:00 - 01:59
B4C641B8E7143EB6,Electric Bike,Casual Rider,2024-01-01 00:23:31 UTC,2024-01-01 00:41:57 UTC,41.92,-87.64,41.89,-87.66,3724,18.43,12.1,January,Monday,00:00 - 01:59
E92093C95A88BD09,Classic Bike,Annual Member,2024-01-01 00:23:52 UTC,2024-01-01 00:36:17 UTC,41.978,-87.6686,41.9481,-87.6639,3347,12.42,16.2,January,Monday,00:00 - 01:59
0D8EEF1403DA2A4C,Electric Bike,Annual Member,2024-01-01 00:23:58 UTC,2024-01-01 00:35:42 UTC,41.9107,-87.6495,41.916,-87.6773,2375,11.73,12.1,January,Monday,00:00 - 01:59
F72DA2C17B753219,Electric Bike,Casual Rider,2024-01-01 00:24:31 UTC,2024-01-01 00:30:45 UTC,41.8778,-87.6241,41.8679,-87.623,1105,6.23,10.6,January,Monday,00:00 - 01:59
42942B7185F23672,Electric Bike,Casual Rider,2024-01-01 00:25:13 UTC,2024-01-01 00:31:21 UTC,41.9296,-87.6432,41.94,-87.64,1186,6.13,11.6,January,Monday,00:00 - 01:59
8A02FEB95F223237,Classic Bike,Annual Member,2024-01-01 00:25:41 UTC,2024-01-01 00:42:14 UTC,41.875,-87.6331,41.875,-87.6733,3328,16.55,12.1,January,Monday,00:00 - 01:59
8B0219200705738F,Electric Bike,Annual Member,2024-01-01 00:26:56 UTC,2024-01-01 00:42:31 UTC,41.89,-87.65,41.884,-87.6247,2198,15.58,8.5,January,Monday,00:00 - 01:59
2EB94102132D42C5,Electric Bike,Casual Rider,2024-01-01 00:27:15 UTC,2024-01-01 00:33:00 UTC,41.9104,-87.6702,41.92,-87.69,1955,5.75,20.4,January,Monday,00:00 - 01:59